case_id,stain,slice_idx,patch_idx,patch_attn_weight,slice_attn_weight,stain_attn_weight,effective_weight,true_label,pred_label
86,h&e,2,30,0.09461846202611923,0.24623773992061615,0.06509045511484146,0.0015165188366820632,0,0
86,melan,0,65,0.002251751720905304,0.9067047238349915,0.746745228767395,0.0015246102601378139,0,0
86,sox10,0,138,0.011696014553308487,0.732041597366333,0.18816429376602173,0.0016110568833282352,0,0
86,melan,0,125,0.0023897963110357523,0.9067047238349915,0.746745228767395,0.001618077135955182,0,0
86,h&e,1,46,0.09740828722715378,0.26892006397247314,0.06509045511484146,0.0017050472597250877,0,0
86,h&e,1,79,0.09860191494226456,0.26892006397247314,0.06509045511484146,0.0017259406736502862,0,0
86,h&e,2,8,0.1155877560377121,0.24623773992061615,0.06509045511484146,0.0018526089472117244,0,0
86,sox10,0,81,0.01396187860518694,0.732041597366333,0.18816429376602173,0.0019231662656162538,0,0
86,melan,0,66,0.0029840508941560984,0.9067047238349915,0.746745228767395,0.0020204334997353524,0,0
86,sox10,1,31,0.04132940247654915,0.267958402633667,0.18816429376602173,0.002083836887130381,0,0
86,melan,0,102,0.003106791991740465,0.9067047238349915,0.746745228767395,0.0021035387262043105,0,0
86,sox10,1,94,0.04324599727988243,0.267958402633667,0.18816429376602173,0.002180471987314432,0,0
86,sox10,0,148,0.015842510387301445,0.732041597366333,0.18816429376602173,0.0021822121793992843,0,0
86,h&e,2,14,0.14218977093696594,0.24623773992061615,0.06509045511484146,0.002278978767905691,0,0
86,h&e,0,3,0.1742253303527832,0.20405350625514984,0.06509045511484146,0.0023140496158793942,0,0
86,h&e,1,54,0.13425928354263306,0.26892006397247314,0.06509045511484146,0.0023500918660358723,0,0
86,sox10,1,35,0.046677377074956894,0.267958402633667,0.18816429376602173,0.002353482855177506,0,0
86,melan,1,30,0.03412994369864464,0.09329525381326675,0.746745228767395,0.002377757601901766,0,0
86,h&e,3,79,0.1332865059375763,0.28078871965408325,0.06509045511484146,0.0024360328918020665,0,0
86,h&e,0,55,0.18449179828166962,0.20405350625514984,0.06509045511484146,0.0024504081816469135,0,0
86,sox10,1,137,0.04871649295091629,0.267958402633667,0.18816429376602173,0.0024562954927874595,0,0
86,melan,0,37,0.0036524394527077675,0.9067047238349915,0.746745228767395,0.00247298430481119,0,0
86,sox10,0,131,0.019329465925693512,0.732041597366333,0.18816429376602173,0.0026625196975185194,0,0
86,sox10,1,153,0.060048919171094894,0.267958402633667,0.18816429376602173,0.003027678729980185,0,0
86,sox10,0,43,0.022334760054945946,0.732041597366333,0.18816429376602173,0.003076481203063028,0,0
86,h&e,3,60,0.17115424573421478,0.28078871965408325,0.06509045511484146,0.003128128907328324,0,0
86,sox10,0,8,0.02449922263622284,0.732041597366333,0.18816429376602173,0.0033746231320405484,0,0
86,melan,0,55,0.005011184606701136,0.9067047238349915,0.746745228767395,0.0033929599768439686,0,0
86,melan,0,16,0.005261059384793043,0.9067047238349915,0.746745228767395,0.0035621445485228653,0,0
86,sox10,0,115,0.026683878153562546,0.732041597366333,0.18816429376602173,0.0036755465186240183,0,0
86,sox10,0,11,0.02852369099855423,0.732041597366333,0.18816429376602173,0.003928969865051123,0,0
86,h&e,1,86,0.24472402036190033,0.26892006397247314,0.06509045511484146,0.004283680908318513,0,0
86,sox10,0,170,0.031894516199827194,0.732041597366333,0.18816429376602173,0.00439328111554208,0,0
86,melan,1,19,0.06552425771951675,0.09329525381326675,0.746745228767395,0.004564929941790047,0,0
86,melan,1,128,0.07819001376628876,0.09329525381326675,0.746745228767395,0.005447325119173283,0,0
86,h&e,3,14,0.30351942777633667,0.28078871965408325,0.06509045511484146,0.005547323070426817,0,0
86,melan,1,37,0.08683571219444275,0.09329525381326675,0.746745228767395,0.006049651784075155,0,0
86,sox10,0,180,0.047947175800800323,0.732041597366333,0.18816429376602173,0.006604440107179727,0,0
86,melan,0,176,0.009784499183297157,0.9067047238349915,0.746745228767395,0.006624863525880815,0,0
86,melan,0,96,0.013888426125049591,0.9067047238349915,0.746745228767395,0.00940353981783729,0,0
86,melan,0,46,0.014170166105031967,0.9067047238349915,0.746745228767395,0.009594299598404687,0,0
86,sox10,0,111,0.07795008271932602,0.732041597366333,0.18816429376602173,0.010737163223300858,0,0
86,melan,0,63,0.01588524878025055,0.9067047238349915,0.746745228767395,0.010755543362247169,0,0
86,melan,0,17,0.017308887094259262,0.9067047238349915,0.746745228767395,0.011719456728055699,0,0
86,sox10,1,26,0.2391270101070404,0.267958402633667,0.18816429376602173,0.012056832533521218,0,0
86,melan,1,68,0.1916099488735199,0.09329525381326675,0.746745228767395,0.013349040846853592,0,0
86,melan,0,50,0.019870389252901077,0.9067047238349915,0.746745228767395,0.013453792017410055,0,0
86,melan,0,74,0.02292393147945404,0.9067047238349915,0.746745228767395,0.015521276529643496,0,0
86,melan,0,90,0.024365747347474098,0.9067047238349915,0.746745228767395,0.016497497506940722,0,0
86,sox10,0,4,0.12811847031116486,0.732041597366333,0.18816429376602173,0.017647562127724916,0,0
86,melan,0,198,0.030381664633750916,0.9067047238349915,0.746745228767395,0.020570739300716526,0,0
86,melan,0,197,0.03179902583360672,0.9067047238349915,0.746745228767395,0.02153040257422903,0,0
86,melan,0,191,0.03545818477869034,0.9067047238349915,0.746745228767395,0.024007936495644942,0,0
86,melan,0,196,0.03636537864804268,0.9067047238349915,0.746745228767395,0.024622176985974235,0,0
86,melan,0,184,0.04439716786146164,0.9067047238349915,0.746745228767395,0.030060320156181115,0,0
86,melan,0,62,0.04513745382428169,0.9067047238349915,0.746745228767395,0.0305615510707056,0,0
86,sox10,0,121,0.2338811457157135,0.732041597366333,0.18816429376602173,0.032215745625881496,0,0
86,sox10,0,74,0.2608162462711334,0.732041597366333,0.18816429376602173,0.03592589654568114,0,0
86,melan,0,128,0.060049865394830704,0.9067047238349915,0.746745228767395,0.040658408318677924,0,0
86,melan,0,182,0.07594548910856247,0.9067047238349915,0.746745228767395,0.051420976314185886,0,0
86,melan,0,137,0.10346411168575287,0.9067047238349915,0.746745228767395,0.07005321446750092,0,0
86,melan,0,80,0.164746955037117,0.9067047238349915,0.746745228767395,0.1115464443278268,0,0
86,melan,0,153,0.1824674904346466,0.9067047238349915,0.746745228767395,0.12354461882965286,0,0
84,sox10,0,117,0.00963248685002327,1.0,0.20751415193080902,0.001998877339667249,1,1
84,melan,0,143,0.016538595780730247,1.0,0.12350322306156158,0.002042569883832529,1,1
84,sox10,0,4,0.010191311128437519,1.0,0.20751415193080902,0.002114841285880728,1,1
84,sox10,0,24,0.01026392262428999,1.0,0.20751415193080902,0.002129909198862981,1,1
84,sox10,0,75,0.01028851605951786,1.0,0.20751415193080902,0.002135012684717358,1,1
84,h&e,3,18,0.030280588194727898,0.10721434652805328,0.6689826846122742,0.002171861300659127,1,1
84,sox10,0,27,0.010565252974629402,1.0,0.20751415193080902,0.0021924395109646777,1,1
84,h&e,1,34,0.027333369478583336,0.11999446153640747,0.6689826846122742,0.0021941648333359334,1,1
84,h&e,4,57,0.048341237008571625,0.06788644939661026,0.6689826846122742,0.0021954104706612574,1,1
84,h&e,4,121,0.04847041144967079,0.06788644939661026,0.6689826846122742,0.002201276909711641,1,1
84,sox10,0,14,0.010770120657980442,1.0,0.20751415193080902,0.0022349524545332983,1,1
84,sox10,0,11,0.010772216133773327,1.0,0.20751415193080902,0.0022353872954153503,1,1
84,sox10,0,79,0.011398660950362682,1.0,0.20751415193080902,0.0023653834602613416,1,1
84,sox10,0,93,0.01161788310855627,1.0,0.20751415193080902,0.0024108751605033257,1,1
84,h&e,4,75,0.053871966898441315,0.06788644939661026,0.6689826846122742,0.0024465877896956484,1,1
84,sox10,0,84,0.012291221879422665,1.0,0.20751415193080902,0.002550602484501799,1,1
84,sox10,0,121,0.01242248434573412,1.0,0.20751415193080902,0.0025778413038787668,1,1
84,h&e,1,124,0.03213077411055565,0.11999446153640747,0.6689826846122742,0.002579272733882344,1,1
84,sox10,0,115,0.012460969388484955,1.0,0.20751415193080902,0.0025858274948872273,1,1
84,h&e,4,53,0.05763520300388336,0.06788644939661026,0.6689826846122742,0.0026174946274332305,1,1
84,sox10,0,3,0.012800643220543861,1.0,0.20751415193080902,0.0026563146220800193,1,1
84,h&e,3,71,0.037177737802267075,0.10721434652805328,0.6689826846122742,0.0026665561930152375,1,1
84,sox10,0,106,0.012909550219774246,1.0,0.20751415193080902,0.002678914365664642,1,1
84,h&e,3,19,0.037438616156578064,0.10721434652805328,0.6689826846122742,0.002685267573331368,1,1
84,sox10,0,55,0.01343475840985775,1.0,0.20751415193080902,0.0027879024978169353,1,1
84,sox10,0,29,0.01425898540765047,1.0,0.20751415193080902,0.0029589412642623686,1,1
84,melan,0,108,0.024366721510887146,1.0,0.12350322306156158,0.003009368642038046,1,1
84,sox10,0,92,0.014857749454677105,1.0,0.20751415193080902,0.0030831932776877596,1,1
84,h&e,1,147,0.04151098430156708,0.11999446153640747,0.6689826846122742,0.0033322617624228293,1,1
84,sox10,0,78,0.016804011538624763,1.0,0.20751415193080902,0.003487070203473247,1,1
84,h&e,3,54,0.05266222730278969,0.10721434652805328,0.6689826846122742,0.0037771741007777736,1,1
84,sox10,0,69,0.01855037547647953,1.0,0.20751415193080902,0.003849465434999727,1,1
84,h&e,4,106,0.0868171751499176,0.06788644939661026,0.6689826846122742,0.003942789782635585,1,1
84,h&e,3,27,0.07197557389736176,0.10721434652805328,0.6689826846122742,0.00516241502757955,1,1
84,h&e,0,61,0.013068567030131817,0.6954508423805237,0.6689826846122742,0.0060800798687269154,1,1
84,h&e,4,90,0.14873965084552765,0.06788644939661026,0.6689826846122742,0.0067549902955704195,1,1
84,h&e,1,197,0.08458469808101654,0.11999446153640747,0.6689826846122742,0.006789970410092412,1,1
84,sox10,0,34,0.03292987868189812,1.0,0.20751415193080902,0.006833415847858515,1,1
84,h&e,1,237,0.08861037343740463,0.11999446153640747,0.6689826846122742,0.007113128347292025,1,1
84,h&e,3,49,0.1080753281712532,0.10721434652805328,0.6689826846122742,0.007751653346418399,1,1
84,h&e,3,106,0.1100054532289505,0.10721434652805328,0.6689826846122742,0.007890090680967108,1,1
84,h&e,1,167,0.12108273059129715,0.11999446153640747,0.6689826846122742,0.009719821392524598,1,1
84,h&e,1,35,0.12577801942825317,0.11999446153640747,0.6689826846122742,0.010096732027580985,1,1
84,h&e,3,45,0.2583525776863098,0.10721434652805328,0.6689826846122742,0.018530220146123853,1,1
84,h&e,1,212,0.2567492425441742,0.11999446153640747,0.6689826846122742,0.0206103444150005,1,1
84,h&e,0,38,0.05526091903448105,0.6954508423805237,0.6689826846122742,0.025709842599744254,1,1
84,h&e,0,101,0.06028316169977188,0.6954508423805237,0.6689826846122742,0.028046413736785604,1,1
84,h&e,0,4,0.18010210990905762,0.6954508423805237,0.6689826846122742,0.08379152896017693,1,1
84,melan,0,113,0.7712562084197998,1.0,0.12350322306156158,0.09525262754608477,1,1
84,h&e,0,11,0.3184065818786621,0.6954508423805237,0.6689826846122742,0.1481369337653445,1,1
84,h&e,0,95,0.35362064838409424,0.6954508423805237,0.6689826846122742,0.16452008704925347,1,1
21,h&e,2,10,0.01458714623004198,0.6213881969451904,0.5121180415153503,0.004641981574569475,0,1
21,h&e,2,124,0.014590983279049397,0.6213881969451904,0.5121180415153503,0.004643202616061228,0,1
21,h&e,2,158,0.015717696398496628,0.6213881969451904,0.5121180415153503,0.005001749891711915,0,1
21,melan,0,44,0.021936070173978806,0.4740854501724243,0.48788192868232727,0.005073763100146723,0,1
21,h&e,0,16,0.059994615614414215,0.16992329061031342,0.5121180415153503,0.0052207784142633,0,1
21,melan,0,130,0.02266613394021988,0.4740854501724243,0.48788192868232727,0.005242625187500094,0,1
21,melan,0,106,0.024922940880060196,0.4740854501724243,0.48788192868232727,0.005764619495719429,0,1
21,melan,0,133,0.025003278627991676,0.4740854501724243,0.48788192868232727,0.005783201433950423,0,1
21,h&e,1,53,0.054789647459983826,0.20868855714797974,0.5121180415153503,0.005855543590673526,0,1
21,melan,1,60,0.02366871014237404,0.5259145498275757,0.48788192868232727,0.00607301717269968,0,1
21,melan,1,45,0.024512993171811104,0.5259145498275757,0.48788192868232727,0.006289646862511577,0,1
21,melan,0,107,0.028073040768504143,0.4740854501724243,0.48788192868232727,0.006493230429628755,0,1
21,h&e,0,40,0.07607147842645645,0.16992329061031342,0.5121180415153503,0.006619799601058214,0,1
21,h&e,1,76,0.0635794922709465,0.20868855714797974,0.5121180415153503,0.006794942214901554,0,1
21,h&e,1,16,0.06503231078386307,0.20868855714797974,0.5121180415153503,0.006950209542327481,0,1
21,melan,0,113,0.030832547694444656,0.4740854501724243,0.48788192868232727,0.007131498100382506,0,1
21,h&e,1,23,0.07030104845762253,0.20868855714797974,0.5121180415153503,0.007513296266677276,0,1
21,melan,1,15,0.030342066660523415,0.5259145498275757,0.48788192868232727,0.007785295048869719,0,1
21,h&e,1,49,0.08266625553369522,0.20868855714797974,0.5121180415153503,0.008834805208572369,0,1
21,melan,0,36,0.042388033121824265,0.4740854501724243,0.48788192868232727,0.00980425557702799,0,1
21,h&e,0,103,0.1161021888256073,0.16992329061031342,0.5121180415153503,0.01010330335584017,0,1
21,melan,0,91,0.04498432204127312,0.4740854501724243,0.48788192868232727,0.010404771294398622,0,1
21,h&e,2,90,0.035330288112163544,0.6213881969451904,0.5121180415153503,0.011242949364772506,0,1
21,h&e,2,2,0.04390353709459305,0.6213881969451904,0.5121180415153503,0.013971163861496567,0,1
21,h&e,2,132,0.049911435693502426,0.6213881969451904,0.5121180415153503,0.01588302202471859,0,1
21,h&e,1,46,0.15370827913284302,0.20868855714797974,0.5121180415153503,0.016427291841348925,0,1
21,h&e,2,51,0.060679610818624496,0.6213881969451904,0.5121180415153503,0.0193097149319035,0,1
21,melan,0,1,0.08437920361757278,0.4740854501724243,0.48788192868232727,0.0195167177319872,0,1
21,h&e,2,31,0.07716142386198044,0.6213881969451904,0.5121180415153503,0.024554625160141952,0,1
21,melan,1,69,0.135390043258667,0.5259145498275757,0.48788192868232727,0.03473894659981524,0,1
21,h&e,2,150,0.11099866777658463,0.6213881969451904,0.5121180415153503,0.035322451869270216,0,1
21,h&e,2,74,0.12548907101154327,0.6213881969451904,0.5121180415153503,0.03993364749067494,0,1
21,h&e,2,117,0.13083729147911072,0.6213881969451904,0.5121180415153503,0.041635580170012454,0,1
21,h&e,2,147,0.14892059564590454,0.6213881969451904,0.5121180415153503,0.047390123479979035,0,1
21,melan,1,10,0.24332290887832642,0.5259145498275757,0.48788192868232727,0.062432815106547995,0,1
79,sox10,1,51,0.019236469641327858,0.5207138061523438,0.10185642540454865,0.0010202647800558395,0,1
79,sox10,0,54,0.027256907895207405,0.3694111108779907,0.10185642540454865,0.0010255928184505151,0,1
79,melan,2,101,0.0074905105866491795,0.17063497006893158,0.8325311541557312,0.0010640939083877388,0,1
79,sox10,1,15,0.020181868225336075,0.5207138061523438,0.10185642540454865,0.001070406874544216,0,1
79,sox10,1,10,0.02035471983253956,0.5207138061523438,0.10185642540454865,0.001079574586203058,0,1
79,h&e,0,136,0.06409966200590134,0.28325268626213074,0.06561248004436493,0.0011912865279249266,0,1
79,melan,0,41,0.0018492506351321936,0.8136553764343262,0.8325311541557312,0.0012526702669587548,0,1
79,sox10,1,100,0.023751892149448395,0.5207138061523438,0.10185642540454865,0.0012597539710563137,0,1
79,melan,0,82,0.0018909787759184837,0.8136553764343262,0.8325311541557312,0.001280936636192538,0,1
79,sox10,1,74,0.024603670462965965,0.5207138061523438,0.10185642540454865,0.00130493062924261,0,1
79,melan,2,151,0.009194538928568363,0.17063497006893158,0.8325311541557312,0.0013061663488950826,0,1
79,h&e,2,3,0.05989505723118782,0.33903640508651733,0.06561248004436493,0.0013323667078589012,0,1
79,sox10,1,76,0.025420887395739555,0.5207138061523438,0.10185642540454865,0.0013482742192942303,0,1
79,sox10,0,152,0.03598625212907791,0.3694111108779907,0.10185642540454865,0.0013540509396159821,0,1
79,melan,2,62,0.009662936441600323,0.17063497006893158,0.8325311541557312,0.0013727063977416376,0,1
79,h&e,2,99,0.0628647729754448,0.33903640508651733,0.06561248004436493,0.0013984280920926592,0,1
79,melan,0,88,0.0020729515235871077,0.8136553764343262,0.8325311541557312,0.0014042037834740518,0,1
79,melan,2,141,0.010259624570608139,0.17063497006893158,0.8325311541557312,0.001457471274039413,0,1
79,h&e,0,50,0.08076545596122742,0.28325268626213074,0.06561248004436493,0.001501018829076917,0,1
79,h&e,1,157,0.0620957687497139,0.3777109384536743,0.06561248004436493,0.0015388915814968948,0,1
79,melan,0,63,0.0022951390128582716,0.8136553764343262,0.8325311541557312,0.0015547121332956046,0,1
79,h&e,0,60,0.08464320749044418,0.28325268626213074,0.06561248004436493,0.0015730864969995797,0,1
79,melan,2,147,0.011419208720326424,0.17063497006893158,0.8325311541557312,0.0016222005559360935,0,1
79,melan,0,106,0.0024147911462932825,0.8136553764343262,0.8325311541557312,0.0016357637047184825,0,1
79,h&e,0,116,0.08825355023145676,0.28325268626213074,0.06561248004436493,0.0016401843963327128,0,1
79,melan,2,123,0.011667191982269287,0.17063497006893158,0.8325311541557312,0.0016574287924311928,0,1
79,sox10,0,47,0.04422610253095627,0.3694111108779907,0.10185642540454865,0.0016640909276352735,0,1
79,h&e,0,4,0.0976172536611557,0.28325268626213074,0.06561248004436493,0.0018142079933098358,0,1
79,melan,2,21,0.013236954808235168,0.17063497006893158,0.8325311541557312,0.0018804276175982027,0,1
79,h&e,0,79,0.11037063598632812,0.28325268626213074,0.06561248004436493,0.002051228471640206,0,1
79,sox10,0,83,0.05539007484912872,0.3694111108779907,0.10185642540454865,0.0020841565447227944,0,1
79,melan,0,132,0.0030852328054606915,0.8136553764343262,0.8325311541557312,0.002089916492996137,0,1
79,h&e,1,76,0.08648175746202469,0.3777109384536743,0.06561248004436493,0.0021432386004880443,0,1
79,melan,2,31,0.015483159571886063,0.17063497006893158,0.8325311541557312,0.0021995210596731122,0,1
79,melan,2,67,0.016799980774521828,0.17063497006893158,0.8325311541557312,0.0023865872688388825,0,1
79,sox10,0,19,0.06354697048664093,0.3694111108779907,0.10185642540454865,0.002391075202512066,0,1
79,h&e,1,133,0.10087208449840546,0.3777109384536743,0.06561248004436493,0.002499867620100199,0,1
79,h&e,2,103,0.1175563782453537,0.33903640508651733,0.06561248004436493,0.002615043910318198,0,1
79,melan,2,63,0.018707072362303734,0.17063497006893158,0.8325311541557312,0.0026575066564855972,0,1
79,melan,0,37,0.0046121287159621716,0.8136553764343262,0.8325311541557312,0.0031242257810334454,0,1
79,melan,0,135,0.004929922055453062,0.8136553764343262,0.8325311541557312,0.0033394969075399455,0,1
79,h&e,1,27,0.1392630636692047,0.3777109384536743,0.06561248004436493,0.003451294035151028,0,1
79,h&e,2,16,0.1698770523071289,0.33903640508651733,0.06561248004436493,0.0037789183179103383,0,1
79,melan,1,53,0.317888468503952,0.015709642320871353,0.8325311541557312,0.004157589101169216,0,1
79,melan,2,59,0.03309617564082146,0.17063497006893158,0.8325311541557312,0.004701607251326644,0,1
79,melan,0,130,0.007373042870312929,0.8136553764343262,0.8325311541557312,0.004994450944175562,0,1
79,h&e,1,93,0.2083725929260254,0.3777109384536743,0.06561248004436493,0.00516400449700556,0,1
79,melan,0,39,0.008736507967114449,0.8136553764343262,0.8325311541557312,0.005918053269545162,0,1
79,melan,0,86,0.008741162717342377,0.8136553764343262,0.8325311541557312,0.005921206366859214,0,1
79,melan,0,80,0.009395493194460869,0.8136553764343262,0.8325311541557312,0.0063644455459511695,0,1
79,sox10,0,25,0.17867209017276764,0.3694111108779907,0.10185642540454865,0.0067228760225936475,0,1
79,sox10,0,12,0.18747802078723907,0.3694111108779907,0.10185642540454865,0.007054215851480233,0,1
79,melan,0,53,0.011087412014603615,0.8136553764343262,0.8325311541557312,0.007510540272018007,0,1
79,sox10,1,95,0.1973259150981903,0.5207138061523438,0.10185642540454865,0.0104657811501152,0,1
79,melan,0,128,0.01676809787750244,0.8136553764343262,0.8325311541557312,0.011358599664939404,0,1
79,melan,2,28,0.10406028479337692,0.17063497006893158,0.8325311541557312,0.01478269256452113,0,1
79,melan,0,129,0.022033177316188812,0.8136553764343262,0.8325311541557312,0.014925129988476015,0,1
79,melan,0,131,0.023694856092333794,0.8136553764343262,0.8325311541557312,0.016050740306822308,0,1
79,sox10,1,126,0.3321225047111511,0.5207138061523438,0.10185642540454865,0.01761512899917569,0,1
79,melan,0,89,0.027160458266735077,0.8136553764343262,0.8325311541557312,0.018398316518777894,0,1
79,melan,0,136,0.032990824431180954,0.8136553764343262,0.8325311541557312,0.02234776836750559,0,1
79,melan,2,97,0.16623175144195557,0.17063497006893158,0.8325311541557312,0.023614704504294447,0,1
79,melan,0,123,0.053739193826913834,0.8136553764343262,0.8325311541557312,0.03640257788663473,0,1
79,melan,2,35,0.3767602741718292,0.17063497006893158,0.8325311541557312,0.05352216087689703,0,1
79,melan,0,14,0.16313651204109192,0.8136553764343262,0.8325311541557312,0.11050760465177634,0,1
79,melan,0,57,0.5565825700759888,0.8136553764343262,0.8325311541557312,0.37702538714652833,0,1
75,sox10,0,86,0.012018876150250435,1.0,0.1091519221663475,0.0013118834340791058,1,1
75,melan,0,65,0.0016151267336681485,1.0,0.8296093344688416,0.0013399242146012666,1,1
75,melan,0,18,0.0016948505071923137,1.0,0.8296093344688416,0.001406063801295994,1,1
75,melan,0,99,0.0017434264300391078,1.0,0.8296093344688416,0.0014463628403201326,1,1
75,sox10,0,116,0.013558533973991871,1.0,0.1091519221663475,0.001479940045018939,1,1
75,h&e,0,201,0.046821873635053635,0.5316963791847229,0.06123878434300423,0.001524540802539331,1,1
75,h&e,0,40,0.04705022647976875,0.5316963791847229,0.06123878434300423,0.0015319760716158658,1,1
75,melan,0,29,0.0019691111519932747,1.0,0.8296093344688416,0.0016335929923003145,1,1
75,h&e,1,15,0.0629139393568039,0.4683036506175995,0.06123878434300423,0.0018042677379088478,1,1
75,sox10,0,51,0.01709940657019615,1.0,0.1091519221663475,0.0018664330950407815,1,1
75,h&e,1,1,0.06538747251033783,0.4683036506175995,0.06123878434300423,0.0018752045781893247,1,1
75,sox10,0,1,0.020605795085430145,1.0,0.1091519221663475,0.002249162141340577,1,1
75,sox10,0,113,0.026577390730381012,1.0,0.1091519221663475,0.002900973284387154,1,1
75,h&e,1,114,0.10135079175233841,0.4683036506175995,0.06123878434300423,0.002906573100329733,1,1
75,h&e,0,91,0.08998233079910278,0.5316963791847229,0.06123878434300423,0.0029298642741225405,1,1
75,h&e,1,155,0.10258649289608002,0.4683036506175995,0.06123878434300423,0.002942010965612746,1,1
75,h&e,1,92,0.10332997143268585,0.4683036506175995,0.06123878434300423,0.002963332700527769,1,1
75,h&e,1,175,0.1240035891532898,0.4683036506175995,0.06123878434300423,0.0035562178681152346,1,1
75,h&e,0,164,0.11372901499271393,0.5316963791847229,0.06123878434300423,0.0037030667576530675,1,1
75,melan,0,118,0.004693971015512943,1.0,0.8296093344688416,0.003894162170195725,1,1
75,sox10,0,43,0.036102961748838425,1.0,0.1091519221663475,0.003940707670783833,1,1
75,h&e,0,174,0.13584859669208527,0.5316963791847229,0.06123878434300423,0.004423290068207377,1,1
75,sox10,0,11,0.041600365191698074,1.0,0.1091519221663475,0.00454075982349586,1,1
75,melan,0,125,0.005548579152673483,1.0,0.8296093344688416,0.004603153058097137,1,1
75,h&e,1,162,0.16285739839076996,0.4683036506175995,0.06123878434300423,0.004670480863227921,1,1
75,melan,0,82,0.006286539603024721,1.0,0.8296093344688416,0.005215371936177354,1,1
75,h&e,0,115,0.1813807189464569,0.5316963791847229,0.06123878434300423,0.005905835998428975,1,1
75,melan,0,56,0.009205644950270653,1.0,0.8296093344688416,0.007637088980550488,1,1
75,melan,0,97,0.010135762393474579,1.0,0.8296093344688416,0.008408723093584758,1,1
75,melan,0,11,0.01285506971180439,1.0,0.8296093344688416,0.010664685828160603,1,1
75,sox10,0,120,0.4595992863178253,1.0,0.1091519221663475,0.05016614552787213,1,1
75,melan,0,153,0.06153453513979912,1.0,0.8296093344688416,0.05104962474417829,1,1
75,melan,0,128,0.1001681536436081,1.0,0.8296093344688416,0.08310043527924638,1,1
75,melan,0,95,0.12648369371891022,1.0,0.8296093344688416,0.1049320529673059,1,1
75,melan,0,164,0.18053212761878967,1.0,0.8296093344688416,0.14977113824406807,1,1
75,melan,0,1,0.4398466646671295,1.0,0.8296093344688416,0.36490089874283704,1,1
3,sox10,0,24,0.012292063795030117,1.0,0.25993210077285767,0.0031951019650761636,1,1
3,melan,0,17,0.010570607148110867,0.7113431096076965,0.4423391819000244,0.0033260936433045195,1,1
3,h&e,3,14,0.07758837938308716,0.14460857212543488,0.29772868752479553,0.0033404994263387605,1,1
3,h&e,3,18,0.07792706042528152,0.14460857212543488,0.29772868752479553,0.0033550810407010877,1,1
3,h&e,1,20,0.04309232532978058,0.27355799078941345,0.29772868752479553,0.0035097001815578674,1,1
3,sox10,0,82,0.013586378656327724,1.0,0.25993210077285767,0.0035315359460347806,1,1
3,sox10,0,125,0.015424813143908978,1.0,0.25993210077285767,0.004009404084525048,1,1
3,melan,0,13,0.012820776551961899,0.7113431096076965,0.4423391819000244,0.004034120537657962,1,1
3,h&e,0,34,0.4718668460845947,0.02888367511332035,0.29772868752479553,0.004057818321163972,1,1
3,melan,0,69,0.014243480749428272,0.7113431096076965,0.4423391819000244,0.004481781426118967,1,1
3,h&e,1,95,0.05510479956865311,0.27355799078941345,0.29772868752479553,0.004488068897900816,1,1
3,melan,0,110,0.014401870779693127,0.7113431096076965,0.4423391819000244,0.004531619629870669,1,1
3,melan,1,26,0.04242172837257385,0.28865692019462585,0.4423391819000244,0.005416587246677586,1,1
3,melan,0,103,0.019123563542962074,0.7113431096076965,0.4423391819000244,0.00601732353178443,1,1
3,melan,0,94,0.02100353129208088,0.7113431096076965,0.4423391819000244,0.006608864650695377,1,1
3,h&e,3,13,0.16026192903518677,0.14460857212543488,0.29772868752479553,0.006899936385611401,1,1
3,melan,1,42,0.06438732892274857,0.28865692019462585,0.4423391819000244,0.008221248828609065,1,1
3,h&e,1,19,0.10273696482181549,0.27355799078941345,0.29772868752479553,0.008367521161329404,1,1
3,h&e,3,53,0.20810726284980774,0.14460857212543488,0.29772868752479553,0.00895987514746634,1,1
3,melan,0,104,0.031437285244464874,0.7113431096076965,0.4423391819000244,0.009891896761393947,1,1
3,sox10,0,29,0.03921857848763466,1.0,0.25993210077285767,0.01019416749561608,1,1
3,h&e,2,145,0.08076763898134232,0.5529497861862183,0.29772868752479553,0.013296696777356641,1,1
3,h&e,2,189,0.08384630084037781,0.5529497861862183,0.29772868752479553,0.0138035338439826,1,1
3,h&e,1,82,0.21138764917850494,0.27355799078941345,0.29772868752479553,0.01721669148794267,1,1
3,h&e,2,20,0.1074395701289177,0.5529497861862183,0.29772868752479553,0.017687670506547477,1,1
3,melan,0,54,0.0607694573700428,0.7113431096076965,0.4423391819000244,0.01912140930350318,1,1
3,melan,0,31,0.06729187071323395,0.7113431096076965,0.4423391819000244,0.02117371881191867,1,1
3,sox10,0,11,0.08943382650613785,1.0,0.25993210077285767,0.023246722403895692,1,1
3,melan,0,60,0.07604970782995224,0.7113431096076965,0.4423391819000244,0.023929415429422705,1,1
3,sox10,0,65,0.09852196276187897,1.0,0.25993210077285767,0.025609020752960454,1,1
3,melan,0,8,0.08987004309892654,0.7113431096076965,0.4423391819000244,0.028278052044367556,1,1
3,melan,0,16,0.0914686843752861,0.7113431096076965,0.4423391819000244,0.028781072401923274,1,1
3,melan,0,101,0.09195168316364288,0.7113431096076965,0.4423391819000244,0.028933050351455186,1,1
3,melan,0,80,0.09468115121126175,0.7113431096076965,0.4423391819000244,0.029791890926607046,1,1
3,h&e,1,28,0.37845322489738464,0.27355799078941345,0.29772868752479553,0.030823524652441276,1,1
3,melan,0,92,0.10463035851716995,0.7113431096076965,0.4423391819000244,0.032922458046586923,1,1
3,melan,0,44,0.12378203123807907,0.7113431096076965,0.4423391819000244,0.03894862626976686,1,1
3,sox10,0,40,0.1655745804309845,1.0,0.25993210077285767,0.04303814852601029,1,1
3,melan,1,86,0.36618947982788086,0.28865692019462585,0.4423391819000244,0.046756634922625,1,1
3,sox10,0,46,0.20465883612632751,1.0,0.25993210077285767,0.05319740121604433,1,1
3,melan,1,93,0.4803358316421509,0.28865692019462585,0.4423391819000244,0.06133132806246595,1,1
3,sox10,0,78,0.2550109624862671,1.0,0.25993210077285767,0.0662855351991638,1,1
3,h&e,2,18,0.541325569152832,0.5529497861862183,0.29772868752479553,0.08911789476126626,1,1
51,sox10,1,142,0.051126010715961456,0.6007230877876282,0.08809088170528412,0.0027054978132647115,1,1
51,melan,1,92,0.006904729641973972,0.4533013105392456,0.8921424746513367,0.0027923372467858845,1,1
51,melan,0,15,0.005793925374746323,0.5466986894607544,0.8921424746513367,0.0028258893099459693,1,1
51,melan,0,54,0.006056054495275021,0.5466986894607544,0.8921424746513367,0.0029537383641909973,1,1
51,melan,1,6,0.007447987329214811,0.4533013105392456,0.8921424746513367,0.003012035736566532,1,1
51,melan,0,26,0.0061916327103972435,0.5466986894607544,0.8921424746513367,0.003019864350287637,1,1
51,melan,1,186,0.008078145794570446,0.4533013105392456,0.8921424746513367,0.00326687771379519,1,1
51,sox10,0,9,0.09563451260328293,0.39927685260772705,0.08809088170528412,0.003363719238828892,1,1
51,sox10,0,62,0.09563451260328293,0.39927685260772705,0.08809088170528412,0.003363719238828892,1,1
51,sox10,0,42,0.09563451260328293,0.39927685260772705,0.08809088170528412,0.003363719238828892,1,1
51,melan,0,28,0.007227196358144283,0.5466986894607544,0.8921424746513367,0.003524943040926648,1,1
51,sox10,0,45,0.10140082985162735,0.39927685260772705,0.08809088170528412,0.0035665358971403932,1,1
51,sox10,1,33,0.0746452659368515,0.6007230877876282,0.08809088170528412,0.003950095087306808,1,1
51,sox10,0,8,0.12335937470197678,0.39927685260772705,0.08809088170528412,0.004338876109467381,1,1
51,sox10,1,110,0.08987601101398468,0.6007230877876282,0.08809088170528412,0.0047560791045129745,1,1
51,melan,1,38,0.013344725593924522,0.4533013105392456,0.8921424746513367,0.0053967318426966435,1,1
51,sox10,1,48,0.10228537768125534,0.6007230877876282,0.08809088170528412,0.005412760780085584,1,1
51,sox10,0,43,0.186937153339386,0.39927685260772705,0.08809088170528412,0.006575075064668796,1,1
51,melan,1,79,0.01970239356160164,0.4533013105392456,0.8921424746513367,0.007967832231757937,1,1
51,sox10,1,2,0.17525732517242432,0.6007230877876282,0.08809088170528412,0.009274306822937489,1,1
51,melan,1,71,0.02651030570268631,0.4533013105392456,0.8921424746513367,0.010721015575655217,1,1
51,melan,0,70,0.022321660071611404,0.5466986894607544,0.8921424746513367,0.010887012948346136,1,1
51,sox10,1,18,0.22878669202327728,0.6007230877876282,0.08809088170528412,0.012106985980421871,1,1
51,melan,0,38,0.03080630488693714,0.5466986894607544,0.8921424746513367,0.015025255250675974,1,1
51,melan,0,67,0.033250510692596436,0.5466986894607544,0.8921424746513367,0.016217375378357612,1,1
51,melan,1,49,0.041450176388025284,0.4533013105392456,0.8921424746513367,0.016762839012627644,1,1
51,melan,1,51,0.04642065614461899,0.4533013105392456,0.8921424746513367,0.018772947514828744,1,1
51,melan,0,49,0.043719083070755005,0.5466986894607544,0.8921424746513367,0.021323244864142835,1,1
51,melan,0,30,0.06778668612241745,0.5466986894607544,0.8921424746513367,0.03306181203246673,1,1
51,melan,1,166,0.11262332648038864,0.4533013105392456,0.8921424746513367,0.045545926588692595,1,1
51,melan,1,134,0.11822332441806793,0.4533013105392456,0.8921424746513367,0.047810618131175,1,1
51,melan,1,185,0.13579711318016052,0.4533013105392456,0.8921424746513367,0.05491762267328323,1,1
51,melan,1,10,0.17970430850982666,0.4533013105392456,0.8921424746513367,0.07267410312627881,1,1
51,melan,1,143,0.21666114032268524,0.4533013105392456,0.8921424746513367,0.08761979156669457,1,1
51,melan,0,13,0.22347129881381989,0.5466986894607544,0.8921424746513367,0.10899435418174754,1,1
51,melan,0,23,0.2454179972410202,0.5466986894607544,0.8921424746513367,0.11969848591674573,1,1
51,melan,0,34,0.27688735723495483,0.5466986894607544,0.8921424746513367,0.13504713510461946,1,1
77,sox10,0,16,0.03128628805279732,1.0,0.16870936751365662,0.005278289869237507,0,0
77,sox10,0,53,0.03366541862487793,1.0,0.16870936751365662,0.005679671483285631,0,0
77,melan,0,69,0.007195557467639446,1.0,0.803533136844635,0.0057818688633181625,0,0
77,melan,0,57,0.008040024898946285,1.0,0.803533136844635,0.006460426427359278,0,0
77,melan,0,86,0.010564847849309444,1.0,0.803533136844635,0.008489205332641914,0,0
77,melan,0,0,0.012640319764614105,1.0,0.803533136844635,0.01015691579117961,0,0
77,melan,0,53,0.018518421798944473,1.0,0.803533136844635,0.014880165557517921,0,0
77,melan,0,23,0.027281474322080612,1.0,0.803533136844635,0.021921568639767797,0,0
77,melan,0,95,0.030747344717383385,1.0,0.803533136844635,0.02470651035040239,0,0
77,melan,0,82,0.033760495483875275,1.0,0.803533136844635,0.027127676837587433,0,0
77,melan,0,15,0.03985172510147095,1.0,0.803533136844635,0.03202218167945503,0,0
77,melan,0,33,0.042626798152923584,1.0,0.803533136844635,0.03425204483346178,0,0
77,sox10,0,74,0.47568148374557495,1.0,0.16870936751365662,0.08025192226067368,0,0
77,melan,0,38,0.1483941227197647,1.0,0.803533136844635,0.11923959491832026,0,0
77,melan,0,75,0.1718217134475708,1.0,0.803533136844635,0.13806444038454657,0,0
77,melan,0,27,0.1829557865858078,1.0,0.803533136844635,0.14701103709917174,0,0
77,melan,0,22,0.22943609952926636,1.0,0.803533136844635,0.18435950876014928,0,0
73,melan,1,14,0.05555293336510658,0.036826495081186295,0.7630009055137634,0.001560962380759789,1,1
73,sox10,0,307,0.008678596466779709,1.0,0.18443118035793304,0.001600603790218369,1,1
73,sox10,0,128,0.008705182000994682,1.0,0.18443118035793304,0.0016055069916740827,1,1
73,melan,1,30,0.05743895098567009,0.036826495081186295,0.7630009055137634,0.0016139569280648085,1,1
73,melan,0,247,0.005408016033470631,0.41119417548179626,0.7630009055137634,0.0016967192150582732,1,1
73,melan,2,73,0.0042934659868478775,0.5519793629646301,0.7630009055137634,0.0018082393712934984,1,1
73,melan,0,368,0.005815980024635792,0.41119417548179626,0.7630009055137634,0.001824714461111116,1,1
73,melan,0,75,0.0058920616284012794,0.41119417548179626,0.7630009055137634,0.0018485844197470391,1,1
73,melan,0,158,0.005956590641289949,0.41119417548179626,0.7630009055137634,0.0018688298508662002,1,1
73,melan,0,389,0.005985825322568417,0.41119417548179626,0.7630009055137634,0.0018780019844479579,1,1
73,h&e,0,324,0.05907564237713814,0.6078155040740967,0.052567899227142334,0.001887560359624559,1,1
73,melan,2,49,0.004649327136576176,0.5519793629646301,0.7630009055137634,0.001958114121349432,1,1
73,h&e,0,217,0.06258898973464966,0.6078155040740967,0.052567899227142334,0.00199981737342551,1,1
73,melan,2,21,0.004961380735039711,0.5519793629646301,0.7630009055137634,0.0020895388500940157,1,1
73,melan,1,43,0.07542314380407333,0.036826495081186295,0.7630009055137634,0.0021192884513051378,1,1
73,sox10,0,139,0.01211391668766737,1.0,0.18443118035793304,0.0022341839534641555,1,1
73,melan,2,4,0.005420696455985308,0.5519793629646301,0.7630009055137634,0.002282984605344461,1,1
73,melan,0,107,0.007438671309500933,0.41119417548179626,0.7630009055137634,0.0023338201046776653,1,1
73,melan,2,46,0.005580652039498091,0.5519793629646301,0.7630009055137634,0.0023503516194659326,1,1
73,melan,1,28,0.08377731591463089,0.036826495081186295,0.7630009055137634,0.002354029401909267,1,1
73,melan,0,226,0.007696325425058603,0.41119417548179626,0.7630009055137634,0.002414656900648662,1,1
73,melan,0,32,0.007761910557746887,0.41119417548179626,0.7630009055137634,0.002435233680407753,1,1
73,melan,0,34,0.008113120682537556,0.41119417548179626,0.7630009055137634,0.0025454228816910404,1,1
73,melan,0,142,0.008304149843752384,0.41119417548179626,0.7630009055137634,0.0026053566626679536,1,1
73,sox10,0,384,0.014151916839182377,1.0,0.18443118035793304,0.0026100547269777147,1,1
73,melan,0,221,0.008638919331133366,0.41119417548179626,0.7630009055137634,0.002710387753245175,1,1
73,sox10,0,118,0.014785801991820335,1.0,0.18443118035793304,0.002726962913890102,1,1
73,melan,0,239,0.008717832155525684,0.41119417548179626,0.7630009055137634,0.0027351459833673294,1,1
73,melan,0,397,0.00877805333584547,0.41119417548179626,0.7630009055137634,0.00275403986851295,1,1
73,h&e,0,193,0.08638965338468552,0.6078155040740967,0.052567899227142334,0.0027602862812667996,1,1
73,melan,2,41,0.006601543631404638,0.5519793629646301,0.7630009055137634,0.002780311091827608,1,1
73,sox10,0,315,0.015760360285639763,1.0,0.18443118035793304,0.0029067018503468323,1,1
73,h&e,1,119,0.4700170159339905,0.12302611023187637,0.052567899227142334,0.0030397054033984862,1,1
73,melan,0,89,0.009813853539526463,0.41119417548179626,0.7630009055137634,0.0030790134073615306,1,1
73,melan,0,45,0.009943850338459015,0.41119417548179626,0.7630009055137634,0.0031197988017242348,1,1
73,melan,0,121,0.009943850338459015,0.41119417548179626,0.7630009055137634,0.0031197988017242348,1,1
73,sox10,0,390,0.017497170716524124,1.0,0.18443118035793304,0.0032270238481728053,1,1
73,melan,0,300,0.010326136834919453,0.41119417548179626,0.7630009055137634,0.003239737951347182,1,1
73,melan,0,388,0.010414031334221363,0.41119417548179626,0.7630009055137634,0.003267314105881578,1,1
73,melan,0,73,0.010426398366689682,0.41119417548179626,0.7630009055137634,0.0032711941575479155,1,1
73,melan,2,71,0.0077712624333798885,0.5519793629646301,0.7630009055137634,0.0032729507441628465,1,1
73,h&e,0,380,0.1025405153632164,0.6078155040740967,0.052567899227142334,0.003276331907141198,1,1
73,melan,2,66,0.007856025360524654,0.5519793629646301,0.7630009055137634,0.003308649562450627,1,1
73,melan,0,162,0.010550136677920818,0.41119417548179626,0.7630009055137634,0.00331001600441474,1,1
73,melan,0,118,0.011082766577601433,0.41119417548179626,0.7630009055137634,0.0034771241231239757,1,1
73,melan,2,20,0.009364002384245396,0.5519793629646301,0.7630009055137634,0.003943750302424056,1,1
73,melan,2,74,0.009383196011185646,0.5519793629646301,0.7630009055137634,0.003951833904813733,1,1
73,melan,0,120,0.013723824173212051,0.41119417548179626,0.7630009055137634,0.004305733569326438,1,1
73,melan,2,28,0.01202925480902195,0.5519793629646301,0.7630009055137634,0.005066250022622069,1,1
73,melan,0,41,0.016685156151652336,0.41119417548179626,0.7630009055137634,0.005234826389852273,1,1
73,melan,0,168,0.01681935228407383,0.41119417548179626,0.7630009055137634,0.005276929289521364,1,1
73,melan,0,1,0.017888959497213364,0.41119417548179626,0.7630009055137634,0.005612509491182509,1,1
73,melan,0,152,0.018098879605531693,0.41119417548179626,0.7630009055137634,0.005678370146773473,1,1
73,h&e,2,79,0.45030105113983154,0.26915833353996277,0.052567899227142334,0.006371349268269688,1,1
73,melan,2,32,0.015261558815836906,0.5519793629646301,0.7630009055137634,0.006427569614536102,1,1
73,melan,2,72,0.01541938353329897,0.5519793629646301,0.7630009055137634,0.006494039191505476,1,1
73,melan,2,40,0.015905601903796196,0.5519793629646301,0.7630009055137634,0.006698815286919413,1,1
73,melan,2,62,0.0177133958786726,0.5519793629646301,0.7630009055137634,0.007460187160033661,1,1
73,melan,0,72,0.026794981211423874,0.41119417548179626,0.7630009055137634,0.00840669835428941,1,1
73,melan,2,16,0.02020319737493992,0.5519793629646301,0.7630009055137634,0.008508793834931618,1,1
73,sox10,0,352,0.04648151621222496,1.0,0.18443118035793304,0.00857264089984705,1,1
73,melan,0,228,0.02783416584134102,0.41119417548179626,0.7630009055137634,0.008732733728197517,1,1
73,melan,0,47,0.029437685385346413,0.41119417548179626,0.7630009055137634,0.009235824400487813,1,1
73,melan,2,58,0.022073091939091682,0.5519793629646301,0.7630009055137634,0.009296320039034446,1,1
73,melan,1,125,0.36048829555511475,0.036826495081186295,0.7630009055137634,0.01012923411924084,1,1
73,sox10,0,47,0.06292396038770676,1.0,0.18443118035793304,0.01160514028710058,1,1
73,sox10,0,221,0.06441230326890945,1.0,0.18443118035793304,0.01187963712145812,1,1
73,sox10,0,99,0.06629126518964767,1.0,0.18443118035793304,0.012226176286347479,1,1
73,melan,0,259,0.03896912559866905,0.41119417548179626,0.7630009055137634,0.01222623301929234,1,1
73,melan,2,12,0.030345264822244644,0.5519793629646301,0.7630009055137634,0.01278023460579345,1,1
73,melan,0,319,0.040845710784196854,0.41119417548179626,0.7630009055137634,0.012814995723262236,1,1
73,melan,0,359,0.04370979592204094,0.41119417548179626,0.7630009055137634,0.013713578171403432,1,1
73,melan,2,43,0.03292910009622574,0.5519793629646301,0.7630009055137634,0.013868444617392891,1,1
73,melan,0,0,0.04723601043224335,0.41119417548179626,0.7630009055137634,0.014819898100717342,1,1
73,melan,0,324,0.048603810369968414,0.41119417548179626,0.7630009055137634,0.01524903374349839,1,1
73,melan,0,182,0.04895623400807381,0.41119417548179626,0.7630009055137634,0.015359603674303572,1,1
73,sox10,0,37,0.10137061029672623,1.0,0.18443118035793304,0.01869590131062926,1,1
73,melan,0,376,0.06056758761405945,0.41119417548179626,0.7630009055137634,0.019002567499517793,1,1
73,melan,0,137,0.07124155014753342,0.41119417548179626,0.7630009055137634,0.022351432817088734,1,1
73,sox10,0,401,0.13671036064624786,1.0,0.18443118035793304,0.02521365318114621,1,1
73,melan,2,37,0.06019341200590134,0.5519793629646301,0.7630009055137634,0.025351102772208364,1,1
73,melan,2,35,0.0660206601023674,0.5519793629646301,0.7630009055137634,0.02780531097290288,1,1
73,sox10,0,394,0.16070348024368286,1.0,0.18443118035793304,0.029638732548970204,1,1
73,sox10,0,288,0.17540419101715088,1.0,0.18443118035793304,0.03235000198902149,1,1
73,melan,0,10,0.11238356679677963,0.41119417548179626,0.7630009055137634,0.03525939199527643,1,1
73,melan,2,33,0.1004350483417511,0.5519793629646301,0.7630009055137634,0.04229930066422925,1,1
73,melan,2,11,0.11276426911354065,0.5519793629646301,0.7630009055137634,0.047491884577834945,1,1
73,melan,2,82,0.1250651329755783,0.5519793629646301,0.7630009055137634,0.05267252567395503,1,1
73,melan,2,14,0.24317021667957306,0.5519793629646301,0.7630009055137634,0.102413751750435,1,1
96,sox10,0,225,0.012601769529283047,1.0,0.15746888518333435,0.0019843865991135134,0,0
96,melan,0,30,0.002516004256904125,1.0,0.7910086512565613,0.001990181133809499,0,0
96,melan,0,178,0.002518431283533573,1.0,0.7910086512565613,0.001992100932870222,0,0
96,melan,0,150,0.0025261312257498503,1.0,0.7910086512565613,0.001998191653777473,0,0
96,melan,0,105,0.002543538808822632,1.0,0.7910086512565613,0.0020119612025855105,0,0
96,melan,0,87,0.0025503472425043583,1.0,0.7910086512565613,0.0020173467325292627,0,0
96,melan,0,0,0.0025970668066293,1.0,0.7910086512565613,0.0020543023119350273,0,0
96,melan,0,90,0.0027151929680258036,1.0,0.7910086512565613,0.0021477411275393904,0,0
96,melan,0,61,0.0027661456260830164,1.0,0.7910086512565613,0.002188045120867163,0,0
96,h&e,0,259,0.05774155631661415,0.7557662129402161,0.051522448658943176,0.0022483941830160037,0,0
96,melan,0,18,0.0028744456358253956,1.0,0.7910086512565613,0.002273711365504555,0,0
96,melan,0,185,0.0029324209317564964,1.0,0.7910086512565613,0.002319570326145215,0,0
96,melan,0,86,0.00301784067414701,1.0,0.7910086512565613,0.002387138081364218,0,0
96,melan,0,40,0.0031102318316698074,1.0,0.7910086512565613,0.0024602202862643585,0,0
96,melan,0,202,0.0031168072018772364,1.0,0.7910086512565613,0.0024654214609836494,0,0
96,melan,0,166,0.00326628633774817,1.0,0.7910086512565613,0.002583660750639913,0,0
96,sox10,0,55,0.016502592712640762,1.0,0.15746888518333435,0.0025986448770941584,0,0
96,melan,0,95,0.003341490402817726,1.0,0.7910086512565613,0.002643147816719593,0,0
96,melan,0,207,0.003388874465599656,1.0,0.7910086512565613,0.002680629020311784,0,0
96,melan,0,128,0.0034503003116697073,1.0,0.7910086512565613,0.002729217395963948,0,0
96,h&e,0,55,0.07104481011629105,0.7557662129402161,0.051522448658943176,0.0027664085970087334,0,0
96,sox10,0,155,0.017591189593076706,1.0,0.15746888518333435,0.002770065014270462,0,0
96,melan,0,84,0.00359811307862401,1.0,0.7910086512565613,0.0028461385733909716,0,0
96,melan,0,136,0.0038270242512226105,1.0,0.7910086512565613,0.0030272092912857484,0,0
96,sox10,0,202,0.019568488001823425,1.0,0.15746888518333435,0.003081427990370589,0,0
96,h&e,0,79,0.08089852333068848,0.7557662129402161,0.051522448658943176,0.0031501016057471276,0,0
96,melan,0,4,0.004005026072263718,1.0,0.7910086512565613,0.0031680102716686864,0,0
96,melan,0,135,0.004008117597550154,1.0,0.7910086512565613,0.003170455694915836,0,0
96,sox10,0,44,0.02033892832696438,1.0,0.15746888518333435,0.0032027483694708203,0,0
96,sox10,0,218,0.022115591913461685,1.0,0.15746888518333435,0.0034825176037823757,0,0
96,melan,0,83,0.004419689532369375,1.0,0.7910086512565613,0.0034960126559722415,0,0
96,melan,0,198,0.004432407673448324,1.0,0.7910086512565613,0.0035060728155935916,0,0
96,melan,0,215,0.004548914264887571,1.0,0.7910086512565613,0.0035982305373504497,0,0
96,h&e,1,61,0.2915102243423462,0.24423383176326752,0.051522448658943176,0.0036682262126167885,0,0
96,melan,0,140,0.004735495895147324,1.0,0.7910086512565613,0.0037458182210514668,0,0
96,sox10,0,195,0.024842994287610054,1.0,0.15746888518333435,0.003911998615085899,0,0
96,melan,0,134,0.005059984512627125,1.0,0.7910086512565613,0.0040024915247122705,0,0
96,melan,0,152,0.0060218567959964275,1.0,0.7910086512565613,0.004763340822261292,0,0
96,melan,0,188,0.006104260217398405,1.0,0.7910086512565613,0.004828522641483396,0,0
96,melan,0,209,0.01114454586058855,1.0,0.7910086512565613,0.008815432190051042,0,0
96,melan,0,119,0.017634237185120583,1.0,0.7910086512565613,0.013948834171740532,0,0
96,melan,0,56,0.03697149083018303,1.0,0.7910086512565613,0.0292447690965274,0,0
96,melan,0,65,0.5656606554985046,1.0,0.7910086512565613,0.4474424721747745,0,0
72,melan,0,1,0.06730497628450394,0.13447949290275574,0.6978086233139038,0.006315962901236684,1,1
72,melan,0,14,0.07255364954471588,0.13447949290275574,0.6978086233139038,0.0068085033851985515,1,1
72,melan,1,36,0.012741625308990479,0.8655204772949219,0.6978086233139038,0.007695529529596118,1,1
72,melan,1,8,0.013105755671858788,0.8655204772949219,0.6978086233139038,0.007915452490138555,1,1
72,melan,0,9,0.09588759392499924,0.13447949290275574,0.6978086233139038,0.008998182888574608,1,1
72,melan,1,68,0.01748303882777691,0.8655204772949219,0.6978086233139038,0.010559189923070532,1,1
72,sox10,0,33,0.0879501923918724,0.9147135019302368,0.13649246096611023,0.010980713177815446,1,1
72,melan,0,27,0.13344043493270874,0.13447949290275574,0.6978086233139038,0.012522177156667692,1,1
72,melan,0,0,0.13755515217781067,0.13447949290275574,0.6978086233139038,0.012908306131132929,1,1
72,melan,1,30,0.02334747649729252,0.8655204772949219,0.6978086233139038,0.014101120576798794,1,1
72,h&e,3,37,0.2303665429353714,0.40134164690971375,0.16569893062114716,0.01531980858746249,1,1
72,h&e,3,26,0.2303665429353714,0.40134164690971375,0.16569893062114716,0.01531980858746249,1,1
72,h&e,3,22,0.2303665429353714,0.40134164690971375,0.16569893062114716,0.01531980858746249,1,1
72,h&e,0,0,0.8788150548934937,0.16015738248825073,0.16569893062114716,0.023321912205211272,1,1
72,melan,1,2,0.05184087157249451,0.8655204772949219,0.6978086233139038,0.031310209518140335,1,1
72,melan,0,22,0.353334903717041,0.13447949290275574,0.6978086233139038,0.03315728296456846,1,1
72,melan,1,1,0.11705535650253296,0.8655204772949219,0.6978086233139038,0.07069764890410313,1,1
72,melan,1,32,0.12613996863365173,0.8655204772949219,0.6978086233139038,0.07618446076872629,1,1
72,sox10,0,47,0.6603759527206421,0.9147135019302368,0.13649246096611023,0.08244892625183269,1,1
72,melan,1,64,0.27946344017982483,0.8655204772949219,0.6978086233139038,0.16878687798399514,1,1
72,melan,1,61,0.28531786799430847,0.8655204772949219,0.6978086233139038,0.17232276300907576,1,1
34,sox10,0,18,0.015735194087028503,1.0,0.5761757493019104,0.009066237243504638,0,0
34,sox10,0,70,0.01580663211643696,1.0,0.5761757493019104,0.009107398103627706,0,0
34,sox10,0,25,0.016365135088562965,1.0,0.5761757493019104,0.009429193972079752,0,0
34,h&e,0,0,0.08100424706935883,0.6601816415786743,0.18316467106342316,0.009795191774893694,0,0
34,melan,0,80,0.30620813369750977,0.13825304806232452,0.2406596541404724,0.010188135813513046,0,0
34,sox10,0,26,0.020776590332388878,1.0,0.5761757493019104,0.01197096750270299,0,0
34,sox10,0,37,0.02110677771270275,1.0,0.5761757493019104,0.01216121346396537,0,0
34,h&e,0,27,0.11082626134157181,0.6601816415786743,0.18316467106342316,0.013401327989700132,0,0
34,h&e,0,6,0.1168024018406868,0.6601816415786743,0.18316467106342316,0.014123974571581429,0,0
34,sox10,0,63,0.024834536015987396,1.0,0.5761757493019104,0.014309057397576819,0,0
34,sox10,0,5,0.026537194848060608,1.0,0.5761757493019104,0.015290088125952117,0,0
34,sox10,0,87,0.02728748694062233,1.0,0.5761757493019104,0.015722388234579165,0,0
34,melan,0,12,0.48717162013053894,0.13825304806232452,0.2406596541404724,0.016209140398870735,0,0
34,sox10,0,45,0.028325363993644714,1.0,0.5761757493019104,0.016320387823287597,0,0
34,sox10,0,32,0.032283369451761246,1.0,0.5761757493019104,0.01860089458385894,0,0
34,sox10,0,59,0.033320147544145584,1.0,0.5761757493019104,0.01919826097809829,0,0
34,h&e,0,10,0.17153754830360413,0.6601816415786743,0.18316467106342316,0.020742655391762444,0,0
34,h&e,0,22,0.17181165516376495,0.6601816415786743,0.18316467106342316,0.020775800928684605,0,0
34,sox10,0,81,0.03831053152680397,1.0,0.5761757493019104,0.02207359920861074,0,0
34,sox10,0,53,0.04104182869195938,1.0,0.5761757493019104,0.02364730639931034,0,0
34,sox10,0,22,0.042868345975875854,1.0,0.5761757493019104,0.024699701363983806,0,0
34,sox10,0,43,0.04307980462908745,1.0,0.5761757493019104,0.02482153871194437,0,0
34,h&e,0,14,0.2511051595211029,0.6601816415786743,0.18316467106342316,0.03036412635338066,0,0
34,sox10,0,78,0.05942091345787048,1.0,0.5761757493019104,0.0342368893357925,0,0
34,melan,1,41,0.23354248702526093,0.8617469072341919,0.2406596541404724,0.04843384219113539,0,0
34,h&e,1,12,0.8803588151931763,0.3225034773349762,0.18316467106342316,0.05200388980131777,0,0
34,sox10,0,97,0.13563647866249084,1.0,0.5761757493019104,0.07815044972603324,0,0
34,sox10,0,62,0.15078972280025482,1.0,0.5761757493019104,0.08688138152146418,0,0
34,melan,1,17,0.7293176054954529,0.8617469072341919,0.2406596541404724,0.1512515100002457,0,0
28,sox10,0,100,0.0032795702572911978,1.0,0.7430053949356079,0.0024367383942377197,0,0
28,melan,0,108,0.02070523053407669,0.5237458944320679,0.22560860216617584,0.0024465627362212227,0,0
28,melan,1,12,0.023141268640756607,0.47625410556793213,0.22560860216617584,0.0024864604246581483,0,0
28,sox10,0,59,0.0033734082244336605,1.0,0.7430053949356079,0.0025064605100743598,0,0
28,melan,1,18,0.024009965360164642,0.47625410556793213,0.22560860216617584,0.0025797993010771474,0,0
28,melan,1,57,0.02431473508477211,0.47625410556793213,0.22560860216617584,0.0026125459006968326,0,0
28,sox10,0,106,0.00374207878485322,1.0,0.7430053949356079,0.0027803847254200265,0,0
28,sox10,0,93,0.0037445370107889175,1.0,0.7430053949356079,0.0027822112005522204,0,0
28,melan,1,112,0.02653048187494278,0.47625410556793213,0.22560860216617584,0.0028506212970957814,0,0
28,sox10,0,14,0.003875494934618473,1.0,0.7430053949356079,0.0028795136444671465,0,0
28,melan,0,87,0.024631014093756676,0.5237458944320679,0.22560860216617584,0.002910439520967742,0,0
28,melan,1,42,0.028538769111037254,0.47625410556793213,0.22560860216617584,0.0030664057820094723,0,0
28,sox10,0,63,0.004145000595599413,1.0,0.7430053949356079,0.003079757804541672,0,0
28,h&e,2,111,0.40851277112960815,0.2424822300672531,0.03138601407408714,0.003109007150399591,0,0
28,melan,1,11,0.030670667067170143,0.47625410556793213,0.22560860216617584,0.0032954718708062664,0,0
28,melan,1,102,0.03258558735251427,0.47625410556793213,0.22560860216617584,0.003501224354812155,0,0
28,melan,0,56,0.030582645907998085,0.5237458944320679,0.22560860216617584,0.003613693734557258,0,0
28,melan,1,24,0.03381073847413063,0.47625410556793213,0.22560860216617584,0.0036328631955954765,0,0
28,melan,0,60,0.031590785831213,0.5237458944320679,0.22560860216617584,0.0037328171398714467,0,0
28,sox10,0,64,0.005038636736571789,1.0,0.7430053949356079,0.0037437342783935845,0,0
28,melan,0,18,0.031710173934698105,0.5237458944320679,0.22560860216617584,0.003746924226708952,0,0
28,melan,0,49,0.03428290784358978,0.5237458944320679,0.22560860216617584,0.004050922528072846,0,0
28,melan,1,13,0.037839435040950775,0.47625410556793213,0.22560860216617584,0.004065734648403905,0,0
28,melan,0,116,0.038501590490341187,0.5237458944320679,0.22560860216617584,0.004549408731474365,0,0
28,sox10,0,17,0.006550757680088282,1.0,0.7430053949356079,0.00486724829722146,0,0
28,sox10,0,33,0.008128787390887737,1.0,0.7430053949356079,0.006039732885714133,0,0
28,sox10,0,103,0.0086813447996974,1.0,0.7430053949356079,0.006450286021471352,0,0
28,sox10,0,123,0.010197458788752556,1.0,0.7430053949356079,0.007576766894676679,0,0
28,sox10,0,151,0.010530021972954273,1.0,0.7430053949356079,0.007823863134695519,0,0
28,sox10,0,132,0.013429570943117142,1.0,0.7430053949356079,0.009978243662406516,0,0
28,sox10,0,160,0.013907233253121376,1.0,0.7430053949356079,0.010333149335697067,0,0
28,sox10,0,18,0.014451087452471256,1.0,0.7430053949356079,0.010737235939872414,0,0
28,sox10,0,145,0.015781626105308533,1.0,0.7430053949356079,0.011725833337100866,0,0
28,h&e,0,28,0.6706430912017822,0.5733035802841187,0.03138601407408714,0.012067360139794491,0,0
28,sox10,0,122,0.018517974764108658,1.0,0.7430053949356079,0.013758955153014174,0,0
28,sox10,0,110,0.018657496199011803,1.0,0.7430053949356079,0.013862620331856368,0,0
28,sox10,0,162,0.020477043464779854,1.0,0.7430053949356079,0.015214553766662364,0,0
28,sox10,0,90,0.02190018631517887,1.0,0.7430053949356079,0.016271956582272873,0,0
28,sox10,0,73,0.023784039542078972,1.0,0.7430053949356079,0.0176716696931265,0,0
28,sox10,0,108,0.025495585054159164,1.0,0.7430053949356079,0.018943357242279912,0,0
28,sox10,0,48,0.028957810252904892,1.0,0.7430053949356079,0.021515809243429995,0,0
28,sox10,0,67,0.03208816796541214,1.0,0.7430053949356079,0.02384168191190117,0,0
28,sox10,0,10,0.03623541444540024,1.0,0.7430053949356079,0.026923108420660036,0,0
28,sox10,0,133,0.038915980607271194,1.0,0.7430053949356079,0.028914783540411992,0,0
28,sox10,0,141,0.04270828142762184,1.0,0.7430053949356079,0.031732483509151255,0,0
28,sox10,0,139,0.0445912666618824,1.0,0.7430053949356079,0.03313155169679094,0,0
28,sox10,0,26,0.052299629896879196,1.0,0.7430053949356079,0.038858907166516854,0,0
28,sox10,0,104,0.05484740808606148,1.0,0.7430053949356079,0.04075192010617856,0,0
28,sox10,0,87,0.05988739803433418,1.0,0.7430053949356079,0.04449665982816642,0,0
28,sox10,0,166,0.08002329617738724,1.0,0.7430053949356079,0.05945774078032873,0,0
28,sox10,0,147,0.09644380211830139,1.0,0.7430053949356079,0.07165826528200014,0,0
28,sox10,0,52,0.10863938927650452,1.0,0.7430053949356079,0.08071965233495249,0,0
66,melan,2,77,0.028614740818738937,0.2874723970890045,0.7830797433853149,0.006441573354847363,1,1
66,melan,0,25,0.035473767668008804,0.23221607506275177,0.7830797433853149,0.0064506813242618385,1,1
66,melan,1,98,0.03946590796113014,0.21416600048542023,0.7830797433853149,0.006618790196048382,1,1
66,sox10,2,12,0.4283201992511749,0.08731270581483841,0.1931667923927307,0.0072240122092947,1,1
66,melan,1,72,0.04428595304489136,0.21416600048542023,0.7830797433853149,0.0074271554103070014,1,1
66,melan,2,62,0.033798351883888245,0.2874723970890045,0.7830797433853149,0.00760847579616849,1,1
66,melan,1,11,0.04995431751012802,0.21416600048542023,0.7830797433853149,0.008377791467814878,1,1
66,melan,2,48,0.039952997118234634,0.2874723970890045,0.7830797433853149,0.008993971439873264,1,1
66,sox10,1,27,0.24509641528129578,0.1992529332637787,0.1931667923927307,0.009433528180966627,1,1
66,melan,2,86,0.04524930566549301,0.2874723970890045,0.7830797433853149,0.010186243640875623,1,1
66,melan,1,4,0.06135743856430054,0.21416600048542023,0.7830797433853149,0.010290198143268663,1,1
66,melan,1,64,0.06143813952803612,0.21416600048542023,0.7830797433853149,0.010303732425771697,1,1
66,melan,0,24,0.05922351032495499,0.23221607506275177,0.7830797433853149,0.010769422509212125,1,1
66,melan,2,67,0.04816574975848198,0.2874723970890045,0.7830797433853149,0.010842775485050042,1,1
66,melan,0,64,0.061665453016757965,0.23221607506275177,0.7830797433853149,0.011213474414393227,1,1
66,melan,0,136,0.06173526495695114,0.23221607506275177,0.7830797433853149,0.011226169276214198,1,1
66,melan,0,121,0.06232323870062828,0.23221607506275177,0.7830797433853149,0.011333088599895593,1,1
66,melan,3,4,0.060284994542598724,0.2661455273628235,0.7830797433853149,0.012564186892643513,1,1
66,melan,3,6,0.06780977547168732,0.2661455273628235,0.7830797433853149,0.014132450349190114,1,1
66,melan,1,68,0.08761072903871536,0.21416600048542023,0.7830797433853149,0.014693112724055905,1,1
66,melan,0,33,0.08161281794309616,0.23221607506275177,0.7830797433853149,0.014840777147015203,1,1
66,melan,2,47,0.0668722540140152,0.2874723970890045,0.7830797433853149,0.015053867947431188,1,1
66,melan,2,15,0.07084442675113678,0.2874723970890045,0.7830797433853149,0.015948058890007794,1,1
66,melan,0,0,0.09256361424922943,0.23221607506275177,0.7830797433853149,0.016832110514219796,1,1
66,melan,2,75,0.08171354979276657,0.2874723970890045,0.7830797433853149,0.01839484859951548,1,1
66,melan,2,54,0.08370910584926605,0.2874723970890045,0.7830797433853149,0.018844075828344103,1,1
66,melan,1,50,0.11558778584003448,0.21416600048542023,0.7830797433853149,0.019385118529502907,1,1
66,sox10,0,7,0.35365089774131775,0.3116223216056824,0.1931667923927307,0.021288045603209557,1,1
66,melan,2,41,0.10680018365383148,0.2874723970890045,0.7830797433853149,0.02404219635170697,1,1
66,melan,0,50,0.13546231389045715,0.23221607506275177,0.7830797433853149,0.02463296897393014,1,1
66,melan,1,30,0.15411321818828583,0.21416600048542023,0.7830797433853149,0.02584618244766417,1,1
66,sox10,0,9,0.4313284158706665,0.3116223216056824,0.1931667923927307,0.025963850355418223,1,1
66,melan,3,14,0.12808215618133545,0.2661455273628235,0.7830797433853149,0.026694008352906518,1,1
66,melan,2,60,0.12952248752117157,0.2874723970890045,0.7830797433853149,0.02915730076868465,1,1
66,melan,3,0,0.14764492213726044,0.2661455273628235,0.7830797433853149,0.03077114644460203,1,1
66,melan,1,101,0.23581424355506897,0.21416600048542023,0.7830797433853149,0.03954818434351208,1,1
66,sox10,3,27,0.8877021074295044,0.40181198716163635,0.1931667923927307,0.06890053719398764,1,1
66,melan,3,8,0.5206336975097656,0.2661455273628235,0.7830797433853149,0.10850691996825958,1,1
95,sox10,0,64,0.0333859845995903,1.0,0.07820623368024826,0.0026109921132407288,1,1
95,sox10,0,56,0.037403207272291183,1.0,0.07820623368024826,0.0029251639683275654,1,1
95,melan,0,6,0.003843561979010701,1.0,0.8792556524276733,0.0033794735955012534,1,1
95,sox10,0,15,0.04615536704659462,1.0,0.07820623368024826,0.003609637420843609,1,1
95,melan,0,2,0.004154054448008537,1.0,0.8792556524276733,0.003652475853903825,1,1
95,melan,0,27,0.004312984179705381,1.0,0.8792556524276733,0.0037922157188370886,1,1
95,melan,0,78,0.004335753154009581,1.0,0.8792556524276733,0.0038122354681940362,1,1
95,melan,0,22,0.004765954799950123,1.0,0.8792556524276733,0.004190492697070947,1,1
95,melan,0,11,0.005392104387283325,1.0,0.8792556524276733,0.00474103826099892,1,1
95,h&e,0,43,0.24524369835853577,0.4595530927181244,0.04253805801272392,0.004794145485318508,1,1
95,melan,0,89,0.00590843940153718,1.0,0.8792556524276733,0.005195028740827945,1,1
95,melan,0,28,0.0066451686434447765,1.0,0.8792556524276733,0.005842802091083954,1,1
95,sox10,0,62,0.07615519315004349,1.0,0.07820623368024826,0.005955810831456743,1,1
95,melan,0,49,0.007755073253065348,1.0,0.8792556524276733,0.006818691992748371,1,1
95,sox10,0,21,0.09318282455205917,1.0,0.07820623368024826,0.007287477751903915,1,1
95,melan,0,23,0.014950782060623169,1.0,0.8792556524276733,0.013145559635017179,1,1
95,sox10,0,32,0.17904548346996307,1.0,0.07820623368024826,0.01400247291964496,1,1
95,melan,0,31,0.09241600334644318,1.0,0.8792556524276733,0.08125729331713494,1,1
95,melan,0,20,0.8006936311721802,1.0,0.8792556524276733,0.7040144010709781,1,1
1,melan,1,1,0.039822712540626526,0.4192374646663666,0.3481903374195099,0.005813097934656108,1,1
1,melan,1,2,0.042281847447156906,0.4192374646663666,0.3481903374195099,0.006172068761457742,1,1
1,melan,1,24,0.04500079154968262,0.4192374646663666,0.3481903374195099,0.006568965088665817,1,1
1,sox10,0,9,0.011232555843889713,1.0,0.6248520016670227,0.007018685002891101,1,1
1,sox10,0,34,0.012145745567977428,1.0,0.6248520016670227,0.007589293429889066,1,1
1,sox10,0,38,0.013657697476446629,1.0,0.6248520016670227,0.00853403960632032,1,1
1,sox10,0,37,0.0227768924087286,1.0,0.6248520016670227,0.01423218681334848,1,1
1,melan,1,34,0.11882076412439346,0.4192374646663666,0.3481903374195099,0.017344793823904223,1,1
1,sox10,0,7,0.028148407116532326,1.0,0.6248520016670227,0.01758858853050349,1,1
1,melan,1,10,0.12629221379756927,0.4192374646663666,0.3481903374195099,0.018435434463205638,1,1
1,sox10,0,10,0.03203997761011124,1.0,0.6248520016670227,0.020020244143044597,1,1
1,melan,0,41,0.11193646490573883,0.5807625651359558,0.3481903374195099,0.022635334506588254,1,1
1,melan,0,48,0.1308356672525406,0.5807625651359558,0.3481903374195099,0.026457053973857433,1,1
1,melan,0,49,0.1330633908510208,0.5807625651359558,0.3481903374195099,0.026907535136383724,1,1
1,sox10,0,30,0.04562580958008766,1.0,0.6248520016670227,0.028509378443796196,1,1
1,sox10,0,16,0.04970013350248337,1.0,0.6248520016670227,0.03105522790214499,1,1
1,melan,1,47,0.217355877161026,0.4192374646663666,0.3481903374195099,0.03172840120624913,1,1
1,melan,1,40,0.2648599147796631,0.4192374646663666,0.3481903374195099,0.03866277622369692,1,1
1,sox10,0,48,0.13097542524337769,1.0,0.6248520016670227,0.08184025663251404,1,1
1,melan,0,51,0.4561488926410675,0.5807625651359558,0.3481903374195099,0.09224056502440987,1,1
1,sox10,0,29,0.20869553089141846,1.0,0.6248520016670227,0.1304038202164648,1,1
1,sox10,0,2,0.3622337877750397,1.0,0.6248520016670227,0.22634250736266104,1,1
55,melan,1,121,0.010042242705821991,0.5958746671676636,0.8634526133537292,0.005166829661053597,1,1
55,melan,1,29,0.011249162256717682,0.5958746671676636,0.8634526133537292,0.005787801282308882,1,1
55,melan,1,138,0.013515705242753029,0.5958746671676636,0.8634526133537292,0.006953959268264654,1,1
55,melan,1,50,0.013515708968043327,0.5958746671676636,0.8634526133537292,0.006953961184962047,1,1
55,melan,0,45,0.02065885253250599,0.40412530303001404,0.8634526133537292,0.00720876299202225,1,1
55,melan,0,104,0.02201371267437935,0.40412530303001404,0.8634526133537292,0.007681532020928133,1,1
55,melan,1,64,0.01531082484871149,0.5958746671676636,0.8634526133537292,0.007877565428453135,1,1
55,melan,1,150,0.01787247136235237,0.5958746671676636,0.8634526133537292,0.009195556994235637,1,1
55,melan,1,55,0.019178614020347595,0.5958746671676636,0.8634526133537292,0.009867579850542884,1,1
55,melan,1,148,0.019261278212070465,0.5958746671676636,0.8634526133537292,0.009910111365684728,1,1
55,melan,1,111,0.01946622133255005,0.5958746671676636,0.8634526133537292,0.01001555655604135,1,1
55,melan,0,1,0.02964974008500576,0.40412530303001404,0.8634526133537292,0.010346070708020152,1,1
55,melan,1,60,0.02104216255247593,0.5958746671676636,0.8634526133537292,0.010826393345961728,1,1
55,melan,1,124,0.02111583948135376,0.5958746671676636,0.8634526133537292,0.01086430082864392,1,1
55,melan,1,6,0.021385762840509415,0.5958746671676636,0.8634526133537292,0.011003178971619702,1,1
55,melan,1,109,0.021674737334251404,0.5958746671676636,0.8634526133537292,0.011151859105061253,1,1
55,melan,1,129,0.02257051132619381,0.5958746671676636,0.8634526133537292,0.011612743368342915,1,1
55,melan,1,115,0.023583507165312767,0.5958746671676636,0.8634526133537292,0.012133939390128896,1,1
55,melan,1,31,0.02586553618311882,0.5958746671676636,0.8634526133537292,0.013308065087145717,1,1
55,melan,1,112,0.02619350329041481,0.5958746671676636,0.8634526133537292,0.013476807292195634,1,1
55,melan,1,84,0.02688702754676342,0.5958746671676636,0.8634526133537292,0.013833632137335527,1,1
55,melan,0,97,0.04001285135746002,0.40412530303001404,0.8634526133537292,0.013962206352801527,1,1
55,melan,1,73,0.02764061465859413,0.5958746671676636,0.8634526133537292,0.014221359894536345,1,1
55,melan,1,78,0.02964695170521736,0.5958746671676636,0.8634526133537292,0.015253639442664937,1,1
55,melan,1,26,0.03015837073326111,0.5958746671676636,0.8634526133537292,0.015516769410813555,1,1
55,melan,0,127,0.04700815677642822,0.40412530303001404,0.8634526133537292,0.016403169554547837,1,1
55,melan,0,117,0.04958405718207359,0.40412530303001404,0.8634526133537292,0.017302012096074945,1,1
55,melan,1,63,0.035082899034023285,0.5958746671676636,0.8634526133537292,0.01805048619464757,1,1
55,sox10,1,151,0.3619130253791809,0.48780471086502075,0.1097838431596756,0.019381555706529094,1,1
55,melan,1,0,0.037684667855501175,0.5958746671676636,0.8634526133537292,0.019389121070522746,1,1
55,melan,1,154,0.03782876953482628,0.5958746671676636,0.8634526133537292,0.019463262759063387,1,1
55,melan,1,45,0.03786756843328476,0.5958746671676636,0.8634526133537292,0.01948322516240734,1,1
55,melan,1,136,0.03982418030500412,0.5958746671676636,0.8634526133537292,0.02048992063373948,1,1
55,melan,1,5,0.042828015983104706,0.5958746671676636,0.8634526133537292,0.022035422742500827,1,1
55,melan,1,122,0.048207901418209076,0.5958746671676636,0.8634526133537292,0.024803425115422186,1,1
55,melan,0,124,0.07166998833417892,0.40412530303001404,0.8634526133537292,0.025008744252816628,1,1
55,melan,1,65,0.04966988041996956,0.5958746671676636,0.8634526133537292,0.025555627257056773,1,1
55,melan,0,141,0.07513893395662308,0.40412530303001404,0.8634526133537292,0.026219208715209476,1,1
55,melan,1,102,0.05577187240123749,0.5958746671676636,0.8634526133537292,0.028695160335862765,1,1
55,melan,1,135,0.05638805776834488,0.5958746671676636,0.8634526133537292,0.029012193584783536,1,1
55,melan,0,106,0.0901217982172966,0.40412530303001404,0.8634526133537292,0.03144737505343612,1,1
55,melan,0,116,0.11450789123773575,0.40412530303001404,0.8634526133537292,0.0399567327057621,1,1
55,melan,0,109,0.1504998505115509,0.40412530303001404,0.8634526133537292,0.0525158767151016,1,1
55,melan,0,83,0.1879584789276123,0.40412530303001404,0.8634526133537292,0.06558680472684539,1,1
99,melan,0,15,0.014196507632732391,1.0,0.8533918261528015,0.01211518357368968,1,1
99,melan,0,25,0.01650146394968033,1.0,0.8533918261528015,0.014082214454212316,1,1
99,melan,0,45,0.019164714962244034,1.0,0.8533918261528015,0.016355011099327355,1,1
99,melan,0,51,0.019221698865294456,1.0,0.8533918261528015,0.01640364069641287,1,1
99,melan,0,27,0.019640272483229637,1.0,0.8533918261528015,0.016760848000601958,1,1
99,melan,0,20,0.028876330703496933,1.0,0.8533918261528015,0.02464282459164946,1,1
99,melan,0,17,0.05491434782743454,1.0,0.8533918261528015,0.04686345557444449,1,1
99,melan,0,48,0.05759216845035553,1.0,0.8533918261528015,0.049148685805948666,1,1
99,melan,0,44,0.07906242460012436,1.0,0.8533918261528015,0.0674712269095683,1,1
99,melan,0,24,0.11193574219942093,1.0,0.8533918261528015,0.09552504744733303,1,1
99,melan,0,11,0.1581270396709442,1.0,0.8533918261528015,0.13494432314892357,1,1
99,melan,0,32,0.3324231803417206,1.0,0.8533918261528015,0.283687224927343,1,1
7,sox10,0,60,0.0073491972871124744,1.0,0.17717672884464264,0.0013021067349645102,1,1
7,melan,0,19,0.0017760107293725014,1.0,0.8072754740715027,0.0014337299035102613,1,1
7,melan,0,61,0.0017912029288709164,1.0,0.8072754740715027,0.0014459941935625331,1,1
7,sox10,0,38,0.008386801928281784,1.0,0.17717672884464264,0.0014859461311209077,1,1
7,melan,0,6,0.0018576231086626649,1.0,0.8072754740715027,0.0014996135756918313,1,1
7,sox10,0,33,0.009248703718185425,1.0,0.17717672884464264,0.0016386550708413772,1,1
7,sox10,0,68,0.011998536996543407,1.0,0.17717672884464264,0.002125861535968984,1,1
7,sox10,0,84,0.012778515927493572,1.0,0.17717672884464264,0.002264055651522476,1,1
7,sox10,0,86,0.015262220054864883,1.0,0.17717672884464264,0.0027041102242280624,1,1
7,sox10,0,28,0.015684092417359352,1.0,0.17717672884464264,0.0027788561894047936,1,1
7,sox10,0,58,0.01950603537261486,1.0,0.17717672884464264,0.003456015540047791,1,1
7,melan,0,45,0.004490659572184086,1.0,0.8072754740715027,0.0036251993350286393,1,1
7,sox10,0,59,0.02103394642472267,1.0,0.17717672884464264,0.0037267258222258293,1,1
7,h&e,0,27,0.6013892889022827,0.5262322425842285,0.01554778777062893,0.004920415146079056,1,1
7,melan,0,66,0.007893972098827362,1.0,0.8072754740715027,0.006372610068388074,1,1
7,melan,0,10,0.014702416956424713,1.0,0.8072754740715027,0.01186890061849466,1,1
7,melan,0,29,0.015257700346410275,1.0,0.8072754740715027,0.012317167280389285,1,1
7,melan,0,13,0.021660473197698593,1.0,0.8072754740715027,0.01748596876928521,1,1
7,melan,0,55,0.03085569478571415,1.0,0.8072754740715027,0.024909045635942983,1,1
7,melan,0,41,0.05352753773331642,1.0,0.8072754740715027,0.04321146839954326,1,1
7,melan,0,64,0.08027444034814835,1.0,0.8072754740715027,0.06480358688787602,1,1
7,sox10,0,44,0.6383745074272156,1.0,0.17717672884464264,0.11310510700376408,1,1
7,melan,0,18,0.21669642627239227,1.0,0.8072754740715027,0.1749337102486459,1,1
7,melan,0,82,0.23672489821910858,1.0,0.8072754740715027,0.1911022044343591,1,1
7,melan,0,65,0.30381038784980774,1.0,0.8072754740715027,0.24525867487930064,1,1
